Description,Price(USD),Rating,Review Count,Display Size,Resolution,Url of the Product
"LG 22MR410-B 22-inch FHD Computer Monitor, 100Hz, 5ms, AMD FreeSync, Reader Mode & Flicker Safe, 3-Side Borderless Design, Black Stabilizer, Dynamic Action Sync, HDMI, D-Sub, Tilt Stand, Black",69.99,4.5 out of 5 stars,Amazon's Choice: Overall Pick,,FHD 1080p,https://www.amazon.com/LG-22MR410-B-Computer-Borderless-Stabilizer/dp/B0CJHG3Y22/ref=sr_1_1?dib=eyJ2IjoiMSJ9.MiydWEy4fQ0NrHiE-vw4AsbkxyN0k0-I7gsS7TvpYUCiyiEZjiNAOWNmDEndxI3LYFWz6KCOYe8RSPe7tgBCIdLYWR0fFYlMZS6cxGv-DR51bTZ3ltqBg-clvDR3PkyRdipQQw_Vaat84Zbp2nGlvaXyk3TBKDszTFYVVG_nrs_3ueFMihJNAzRETYRSwQtMTQwMG10AKQf_xnf9OBS4_JzhuQigrf3G13CPpMTPQQc.CRuoLdrqaukMckNq_NzGhPklcHJgqiEwwWQDZrPvzBE&dib_tag=se&keywords=Monitor&qid=1711947285&sr=8-1
"PHILIPS 22 inch Class Thin Full HD (1920 x 1080) 75Hz Monitor, VESA, HDMI & VGA Port, 4 Year Advance Replacement Warranty, 221V8LN",69.99,4.6 out of 5 stars,"2,987",21.5 inches,FHD 1080p,https://www.amazon.com/PHILIPS-Computer-Monitors-Replacement-221V8LN/dp/B0BRR4ZGNP/ref=sr_1_2?dib=eyJ2IjoiMSJ9.MiydWEy4fQ0NrHiE-vw4AsbkxyN0k0-I7gsS7TvpYUCiyiEZjiNAOWNmDEndxI3LYFWz6KCOYe8RSPe7tgBCIdLYWR0fFYlMZS6cxGv-DR51bTZ3ltqBg-clvDR3PkyRdipQQw_Vaat84Zbp2nGlvaXyk3TBKDszTFYVVG_nrs_3ueFMihJNAzRETYRSwQtMTQwMG10AKQf_xnf9OBS4_JzhuQigrf3G13CPpMTPQQc.CRuoLdrqaukMckNq_NzGhPklcHJgqiEwwWQDZrPvzBE&dib_tag=se&keywords=Monitor&qid=1711947285&sr=8-2
"Sceptre New 27-inch Gaming Monitor 100Hz 1ms DisplayPort HDMI x2 100% sRGB AMD FreeSync Build-in Speakers, Eye Care Frameless Machine Black 2024 (E275W-FW100T)",109.97,4.6 out of 5 stars,Amazon's Choice: Popular Brand Pick,27 inches,FHD 1080p,https://www.amazon.com/Sceptre-DisplayPort-FreeSync-Frameless-E275W-FW100T/dp/B0CHHSFMRL/ref=sr_1_3?dib=eyJ2IjoiMSJ9.MiydWEy4fQ0NrHiE-vw4AsbkxyN0k0-I7gsS7TvpYUCiyiEZjiNAOWNmDEndxI3LYFWz6KCOYe8RSPe7tgBCIdLYWR0fFYlMZS6cxGv-DR51bTZ3ltqBg-clvDR3PkyRdipQQw_Vaat84Zbp2nGlvaXyk3TBKDszTFYVVG_nrs_3ueFMihJNAzRETYRSwQtMTQwMG10AKQf_xnf9OBS4_JzhuQigrf3G13CPpMTPQQc.CRuoLdrqaukMckNq_NzGhPklcHJgqiEwwWQDZrPvzBE&dib_tag=se&keywords=Monitor&qid=1711947285&sr=8-3
Portable-Monitor-for-Laptop - 15.6'' 1080P FHD IPS Display USB-C&HDMI Portable Monitor for Laptop with Cover and Speakers External Monitor for Laptop/PC/Mac/Phone/Xbox Switch/PS4,72.15,4.6 out of 5 stars,"2,504",15.6 inches,FHD 1080p,https://www.amazon.com/VILVA-Portable-Monitor-Laptop-Portable-Speakers/dp/B0BTSFVMLV/ref=sr_1_4?dib=eyJ2IjoiMSJ9.MiydWEy4fQ0NrHiE-vw4AsbkxyN0k0-I7gsS7TvpYUCiyiEZjiNAOWNmDEndxI3LYFWz6KCOYe8RSPe7tgBCIdLYWR0fFYlMZS6cxGv-DR51bTZ3ltqBg-clvDR3PkyRdipQQw_Vaat84Zbp2nGlvaXyk3TBKDszTFYVVG_nrs_3ueFMihJNAzRETYRSwQtMTQwMG10AKQf_xnf9OBS4_JzhuQigrf3G13CPpMTPQQc.CRuoLdrqaukMckNq_NzGhPklcHJgqiEwwWQDZrPvzBE&dib_tag=se&keywords=Monitor&qid=1711947285&sr=8-4
"Dell S2421HS Full HD 1920 x 1080, 24-Inch 1080p LED, 75Hz, Desktop Monitor with Adjustable Stand, 4ms Grey-to-Grey Response Time, AMD FreeSync, IPS Technology, HDMI, DisplayPort, Silver, 24.0"" FHD",99.99,4.6 out of 5 stars,"1,310",24 inches,FHD 1080p,https://www.amazon.com/Dell-S2421HS-Adjustable-Technology-DisplayPort/dp/B09SQYR4MM/ref=sr_1_5?dib=eyJ2IjoiMSJ9.MiydWEy4fQ0NrHiE-vw4AsbkxyN0k0-I7gsS7TvpYUCiyiEZjiNAOWNmDEndxI3LYFWz6KCOYe8RSPe7tgBCIdLYWR0fFYlMZS6cxGv-DR51bTZ3ltqBg-clvDR3PkyRdipQQw_Vaat84Zbp2nGlvaXyk3TBKDszTFYVVG_nrs_3ueFMihJNAzRETYRSwQtMTQwMG10AKQf_xnf9OBS4_JzhuQigrf3G13CPpMTPQQc.CRuoLdrqaukMckNq_NzGhPklcHJgqiEwwWQDZrPvzBE&dib_tag=se&keywords=Monitor&qid=1711947285&sr=8-5
"Sceptre Curved 24-inch Gaming Monitor 1080p R1500 98% sRGB HDMI x2 VGA Build-in Speakers, VESA Wall Mount Machine Black (C248W-1920RN Series)",89.97,4.6 out of 5 stars,"20,916",24 inches,FHD 1080p,https://www.amazon.com/Sceptre-Curved-Monitor-Speakers-C248W-1920RN/dp/B07KXSR99Y/ref=sr_1_6?dib=eyJ2IjoiMSJ9.MiydWEy4fQ0NrHiE-vw4AsbkxyN0k0-I7gsS7TvpYUCiyiEZjiNAOWNmDEndxI3LYFWz6KCOYe8RSPe7tgBCIdLYWR0fFYlMZS6cxGv-DR51bTZ3ltqBg-clvDR3PkyRdipQQw_Vaat84Zbp2nGlvaXyk3TBKDszTFYVVG_nrs_3ueFMihJNAzRETYRSwQtMTQwMG10AKQf_xnf9OBS4_JzhuQigrf3G13CPpMTPQQc.CRuoLdrqaukMckNq_NzGhPklcHJgqiEwwWQDZrPvzBE&dib_tag=se&keywords=Monitor&qid=1711947285&sr=8-6
"Acer Nitro KG241Y Sbiip 23.8” Full HD (1920 x 1080) VA Gaming Monitor | AMD FreeSync Premium Technology | 165Hz Refresh Rate | 1ms (VRB) | ZeroFrame Design | 1 x Display Port 1.2 & 2 x HDMI 2.0,Black",109.99,4.5 out of 5 stars,"5,188",23.8 inches,FHD 1080p,https://www.amazon.com/Acer-Monitor-FreeSync-Technology-ZeroFrame/dp/B0B6DFG1FQ/ref=sr_1_7?dib=eyJ2IjoiMSJ9.MiydWEy4fQ0NrHiE-vw4AsbkxyN0k0-I7gsS7TvpYUCiyiEZjiNAOWNmDEndxI3LYFWz6KCOYe8RSPe7tgBCIdLYWR0fFYlMZS6cxGv-DR51bTZ3ltqBg-clvDR3PkyRdipQQw_Vaat84Zbp2nGlvaXyk3TBKDszTFYVVG_nrs_3ueFMihJNAzRETYRSwQtMTQwMG10AKQf_xnf9OBS4_JzhuQigrf3G13CPpMTPQQc.CRuoLdrqaukMckNq_NzGhPklcHJgqiEwwWQDZrPvzBE&dib_tag=se&keywords=Monitor&qid=1711947285&sr=8-7
"SANSUI Monitor 24 inch 100Hz PC Monitor, VESA, HDMI VGA Ports, FHD Computer Monitor Ultra-Slim Ergonomic Tilt Eye Care for Home Office (ES-24F2, HDMI Cable Included)",78.98,4.3 out of 5 stars,"3,023",24 inches,FHD 1080p,https://www.amazon.com/SANSUI-Monitor-24-Ultra-Slim-Ergonomic-ES-24F1/dp/B0B17KHCQN/ref=sr_1_8?dib=eyJ2IjoiMSJ9.MiydWEy4fQ0NrHiE-vw4AsbkxyN0k0-I7gsS7TvpYUCiyiEZjiNAOWNmDEndxI3LYFWz6KCOYe8RSPe7tgBCIdLYWR0fFYlMZS6cxGv-DR51bTZ3ltqBg-clvDR3PkyRdipQQw_Vaat84Zbp2nGlvaXyk3TBKDszTFYVVG_nrs_3ueFMihJNAzRETYRSwQtMTQwMG10AKQf_xnf9OBS4_JzhuQigrf3G13CPpMTPQQc.CRuoLdrqaukMckNq_NzGhPklcHJgqiEwwWQDZrPvzBE&dib_tag=se&keywords=Monitor&qid=1711947285&sr=8-8
"Dell SE2722HX Monitor - 27 inch FHD (1920 x 1080) 16:9 Ratio with Comfortview (TUV-Certified), 75Hz Refresh Rate, 16.7 Million Colors, Anti-Glare Screen with 3H Hardness - Black",109.99,4.6 out of 5 stars,"3,237",27 inches,FHD 1080p,https://www.amazon.com/Dell-inch-Monitor-1920-1080/dp/B096MYB1H1/ref=sr_1_9?dib=eyJ2IjoiMSJ9.MiydWEy4fQ0NrHiE-vw4AsbkxyN0k0-I7gsS7TvpYUCiyiEZjiNAOWNmDEndxI3LYFWz6KCOYe8RSPe7tgBCIdLYWR0fFYlMZS6cxGv-DR51bTZ3ltqBg-clvDR3PkyRdipQQw_Vaat84Zbp2nGlvaXyk3TBKDszTFYVVG_nrs_3ueFMihJNAzRETYRSwQtMTQwMG10AKQf_xnf9OBS4_JzhuQigrf3G13CPpMTPQQc.CRuoLdrqaukMckNq_NzGhPklcHJgqiEwwWQDZrPvzBE&dib_tag=se&keywords=Monitor&qid=1711947285&sr=8-9
"Acer Nitro 31.5"" FHD 1920 x 1080 1500R Curved PC Gaming Monitor | AMD FreeSync Premium | Up to 165Hz Refresh | 1ms VRB | VESA Mountable | HDR10 | 1 x Display Port 1.2 & 2 x HDMI 1.4 | EDA320Q Pbiipx",184.20,4.6 out of 5 stars,"1,844",31.5 inches,FHD 1080p,https://www.amazon.com/Monitor-FreeSync-Premium-Refresh-Mountable/dp/B0C9JN5TDZ/ref=sr_1_10?dib=eyJ2IjoiMSJ9.MiydWEy4fQ0NrHiE-vw4AsbkxyN0k0-I7gsS7TvpYUCiyiEZjiNAOWNmDEndxI3LYFWz6KCOYe8RSPe7tgBCIdLYWR0fFYlMZS6cxGv-DR51bTZ3ltqBg-clvDR3PkyRdipQQw_Vaat84Zbp2nGlvaXyk3TBKDszTFYVVG_nrs_3ueFMihJNAzRETYRSwQtMTQwMG10AKQf_xnf9OBS4_JzhuQigrf3G13CPpMTPQQc.CRuoLdrqaukMckNq_NzGhPklcHJgqiEwwWQDZrPvzBE&dib_tag=se&keywords=Monitor&qid=1711947285&sr=8-10
"SAMSUNG 24"" Odyssey G32A FHD 1ms 165Hz Gaming Monitor with Eye Saver Mode, Free-Sync Premium, Height Adjustable Screen for Gamer Comfort, VESA Mount Capability, LS24AG320NNXZA",129.99,4.6 out of 5 stars,"2,577",24 inches,FHD 1080p,https://www.amazon.com/SAMSUNG-Free-Sync-Adjustable-Capability-LS24AG320NNXZA/dp/B09Q7P8VHN/ref=sr_1_11?dib=eyJ2IjoiMSJ9.MiydWEy4fQ0NrHiE-vw4AsbkxyN0k0-I7gsS7TvpYUCiyiEZjiNAOWNmDEndxI3LYFWz6KCOYe8RSPe7tgBCIdLYWR0fFYlMZS6cxGv-DR51bTZ3ltqBg-clvDR3PkyRdipQQw_Vaat84Zbp2nGlvaXyk3TBKDszTFYVVG_nrs_3ueFMihJNAzRETYRSwQtMTQwMG10AKQf_xnf9OBS4_JzhuQigrf3G13CPpMTPQQc.CRuoLdrqaukMckNq_NzGhPklcHJgqiEwwWQDZrPvzBE&dib_tag=se&keywords=Monitor&qid=1711947285&sr=8-11
"KOORUI 24 inch Full HD 1080p Gaming Monitor 100Hz, 99% sRGB, Build-in Speakers, Low Blue Light, Tilt, VESA Wall Mount, HDMI x1, VGA Port x1, Black",73.79,4.3 out of 5 stars,"2,309",24 inches,FHD 1080p,https://www.amazon.com/KOORUI-Mountable-Protection-Ergonomic-Adjustment/dp/B0C5HVPNGR/ref=sr_1_12?dib=eyJ2IjoiMSJ9.MiydWEy4fQ0NrHiE-vw4AsbkxyN0k0-I7gsS7TvpYUCiyiEZjiNAOWNmDEndxI3LYFWz6KCOYe8RSPe7tgBCIdLYWR0fFYlMZS6cxGv-DR51bTZ3ltqBg-clvDR3PkyRdipQQw_Vaat84Zbp2nGlvaXyk3TBKDszTFYVVG_nrs_3ueFMihJNAzRETYRSwQtMTQwMG10AKQf_xnf9OBS4_JzhuQigrf3G13CPpMTPQQc.CRuoLdrqaukMckNq_NzGhPklcHJgqiEwwWQDZrPvzBE&dib_tag=se&keywords=Monitor&qid=1711947285&sr=8-12
"SAMSUNG 27"" T35F Series FHD 1080p Computer Monitor, 75Hz, IPS Panel, HDMI, VGA (D-Sub), 3-Sided Border-Less, FreeSync, LF27T350FHNXZA",118.25,4.5 out of 5 stars,"4,515",27 inches,FHD 1080p,https://www.amazon.com/SAMSUNG-27-inch-Border-Less-FreeSync-LF27T350FHNXZA/dp/B08FF3JQ28/ref=sr_1_13?dib=eyJ2IjoiMSJ9.MiydWEy4fQ0NrHiE-vw4AsbkxyN0k0-I7gsS7TvpYUCiyiEZjiNAOWNmDEndxI3LYFWz6KCOYe8RSPe7tgBCIdLYWR0fFYlMZS6cxGv-DR51bTZ3ltqBg-clvDR3PkyRdipQQw_Vaat84Zbp2nGlvaXyk3TBKDszTFYVVG_nrs_3ueFMihJNAzRETYRSwQtMTQwMG10AKQf_xnf9OBS4_JzhuQigrf3G13CPpMTPQQc.CRuoLdrqaukMckNq_NzGhPklcHJgqiEwwWQDZrPvzBE&dib_tag=se&keywords=Monitor&qid=1711947285&sr=8-13
"Thinlerain Portable Monitor - 11.6 inch Dual HDMI Laptop Monitor, 1366 x 768 TN LED Display External Monitor for Laptop and Computer, Build in Speakers",47.40,3.8 out of 5 stars,89,,,https://www.amazon.com/Thinlerain-Portable-Monitor-External-Computer/dp/B0C2V7QMRT/ref=sr_1_14?dib=eyJ2IjoiMSJ9.MiydWEy4fQ0NrHiE-vw4AsbkxyN0k0-I7gsS7TvpYUCiyiEZjiNAOWNmDEndxI3LYFWz6KCOYe8RSPe7tgBCIdLYWR0fFYlMZS6cxGv-DR51bTZ3ltqBg-clvDR3PkyRdipQQw_Vaat84Zbp2nGlvaXyk3TBKDszTFYVVG_nrs_3ueFMihJNAzRETYRSwQtMTQwMG10AKQf_xnf9OBS4_JzhuQigrf3G13CPpMTPQQc.CRuoLdrqaukMckNq_NzGhPklcHJgqiEwwWQDZrPvzBE&dib_tag=se&keywords=Monitor&qid=1711947285&sr=8-14
"SAMSUNG 27"" CF39 Series FHD 1080p Curved Computer Monitor, Ultra Slim Design, AMD FreeSync, 4ms response, HDMI, DisplayPort, VESA Compatible, Wide Viewing Angle, LC27F398FWNXZA, Black",169.99,4.6 out of 5 stars,"20,623",27 inches,FHD 1080p,https://www.amazon.com/Samsung-LC27F398FWNXZA-C27F398-Curved-Monitor/dp/B01CX26WIG/ref=sr_1_15?dib=eyJ2IjoiMSJ9.MiydWEy4fQ0NrHiE-vw4AsbkxyN0k0-I7gsS7TvpYUCiyiEZjiNAOWNmDEndxI3LYFWz6KCOYe8RSPe7tgBCIdLYWR0fFYlMZS6cxGv-DR51bTZ3ltqBg-clvDR3PkyRdipQQw_Vaat84Zbp2nGlvaXyk3TBKDszTFYVVG_nrs_3ueFMihJNAzRETYRSwQtMTQwMG10AKQf_xnf9OBS4_JzhuQigrf3G13CPpMTPQQc.CRuoLdrqaukMckNq_NzGhPklcHJgqiEwwWQDZrPvzBE&dib_tag=se&keywords=Monitor&qid=1711947285&sr=8-15
"AOC 24B2H2 24” Frameless IPS Monitor, FHD 1920x1080, 100Hz, 106% sRGB, for Home and Office, HDMI and VGA Input, Low Blue Mode, VESA Compatible,Black",79.99,4.6 out of 5 stars,"3,611",23.8 inches,FHD 1080p,https://www.amazon.com/AOC-24B2H2-Frameless-1920x1080-Compatible/dp/B0C8ZJP65J/ref=sr_1_16?dib=eyJ2IjoiMSJ9.MiydWEy4fQ0NrHiE-vw4AsbkxyN0k0-I7gsS7TvpYUCiyiEZjiNAOWNmDEndxI3LYFWz6KCOYe8RSPe7tgBCIdLYWR0fFYlMZS6cxGv-DR51bTZ3ltqBg-clvDR3PkyRdipQQw_Vaat84Zbp2nGlvaXyk3TBKDszTFYVVG_nrs_3ueFMihJNAzRETYRSwQtMTQwMG10AKQf_xnf9OBS4_JzhuQigrf3G13CPpMTPQQc.CRuoLdrqaukMckNq_NzGhPklcHJgqiEwwWQDZrPvzBE&dib_tag=se&keywords=Monitor&qid=1711947285&sr=8-16
